﻿<?xml version="1.0" encoding="utf-8"?>
<process  name="MyService"
  xmlns="http://schemas.xmlSoap.org/ws/2003/03/business-process/"
  xmlns:bpws= "http://schemas.xmlsoap.org/ws/2003/03/business-process/"
  xmlns:zip="http://www.webservicex.net/"
  xmlns:ps="http://neptune.fulton.ad.asu.edu/WSRepository/bpel/ps.wsdl"
  xmlns:fin="http://localhost:61290/Service1.xamlx?singleWsdl">

  <!-- Define partner links-->
  <partnerLinks>
    <!-- Partner Link for Client-->
    <partnerLink name ="client"
                 partnerLinkType="clientLT"
                 myRole="serviceRequest"
                 partnerRole="serviceRepose"/>
    
    <!-- Partner Link for Credit Card Validator-->
    <partnerLink name="CheckCreditCard"
                 partnerLinkType="fin:CreditCardLT"
                 myRole="checkCreditCard"/>

    <!-- Partner Link for Web To String Service-->
    <partnerLink name="WebToString"
                 partnerLinkType="fin:WebToStringLT"
                 myRole="WebToStringRequest"
                 partnerRole="WebToStringResponse"/>
  </partnerLinks>  
  
  <!-- Define variables for storing information-->
  <variables>
    <!--input for this process-->
    <variable name="ServiceRequest" messsageType="fin:ServiceRequestMessage"/>
    <!-- input for the Credit Card Validator-->
    <variable name="CreditCardValidatorRequest" messsageType="fin:CreditCardValidatorRequestMessage"/>
    <!-- output from the Credit Card Validator-->
    <variable name="CreditCardValidatorResponse" messsageType="fin:CreditCardValidatorResponseMessage"/>
    <!-- input for the Web To String Service-->
    <variable name="WebToStringRequest" messsageType="fin:WebToStringRequestMessage"/>
    <!-- output from the Web To String Service-->
    <variable name="WebToStringResponse" messsageType="fin:WebToStringResponseMessage"/>
    <!-- output from BPEL process-->
    <variable name="ServiceResponse" messsageType="fin:ServiceResponseMessage"/>
  </variables>
  
  <!-- Define the main method to process the information-->
  <sequence name="main">
    <!-- Receive initial request from client-->
    <receive partnerLink="client"
             portType="ServiceRequestPT"
             operation="MyServiceApproval"
             variable="MyServiceRequest"
             createInstance="yes"/>
    <!-- Prepare input for Credit Card Validator and Web To String WS-->
    <assign>
      <copy>
        <from variable="MyServiceRequest" part="CreditCard"/>
        <to variable="CreditCardValidatorRequest" part="CreditCard"/>
      </copy>
    </assign>
    <assign>
      <copy>
        <from variable="MyServiceRequest" part="WebToString"/>
        <to variable="WebToStringRequest" part="WebToString"/>
      </copy>
    </assign>
    <flow>
      <!-- Synchorously invoke Credit Card validator Service-->
      <invoke partnerLink="CheckCreditCard"
        portType="fin:CreditCardPT"
        operation="CheckCreditNumber"
        inputvariable="CreditCardValidatorRequest"
        outputvariable="CreditCardValidatorResponse"/>
      <!-- Asynchronous invoke Web To String Service-->
      <sequence>
        <invoke partnerLink="WebToString"
        portType="fin:WebToStringPT"
        operation="WebToString"
        inputvariable="WebToStringRequest"/>
        <receive partnerLink="WebToString"
        portType="fin:WebToStringCallBackPT"
        operation="WebToStringCallBack"
        variable="WebToStringResponse"/>
      </sequence>   
    </flow>
    
    <!-- If the credit card is valid, approve to response Web To String-->
    <switch>
      <case condition="bpws:getVariableData('CreditCardValidatorResponse','ps:string')='true'">
        <assign>
          <copy>
            <from variable="WebToStringResponse"/>
            <to variable="ServiceResponse"/>
          </copy>
        </assign>
        <otherwise>
          <assign>
            <copy>
              <from variable="CreditCardValidatorResponse"/>
              <to variable="ServiceResponse"/>
            </copy>
          </assign>
        </otherwise>
      </case>
    </switch>
    <!-- Send a response to the client -->
    <reply partnerLink="client"
           portType="ServiceCallBackPT"
           operation="ClientCallBack"
           inputvariable="ServiceResponse"/>
  </sequence>
</process> 
