﻿
<wsdl:definitions xmlns:wsdl="http://schemas.xmlsoap.org/wsdl/" xmlns:wsap="http://schemas.xmlsoap.org/ws/2004/08/addressing/policy" xmlns:wsa10="http://www.w3.org/2005/08/addressing" xmlns:tns="http://tempuri.org/" xmlns:msc="http://schemas.microsoft.com/ws/2005/12/wsdl/contract" xmlns:soapenc="http://schemas.xmlsoap.org/soap/encoding/" xmlns:wsx="http://schemas.xmlsoap.org/ws/2004/09/mex" xmlns:soap="http://schemas.xmlsoap.org/wsdl/soap/" xmlns:wsam="http://www.w3.org/2007/05/addressing/metadata" xmlns:wsa="http://schemas.xmlsoap.org/ws/2004/08/addressing" xmlns:wsp="http://schemas.xmlsoap.org/ws/2004/09/policy" xmlns:wsaw="http://www.w3.org/2006/05/addressing/wsdl" xmlns:soap12="http://schemas.xmlsoap.org/wsdl/soap12/" xmlns:wsu="http://docs.oasis-open.org/wss/2004/01/oasis-200401-wss-wssecurity-utility-1.0.xsd" xmlns:xsd="http://www.w3.org/2001/XMLSchema" name="Service1" targetNamespace="http://tempuri.org/">
  <wsdl:types>
    <xs:schema xmlns:xs="http://www.w3.org/2001/XMLSchema" elementFormDefault="qualified" targetNamespace="http://tempuri.org/">
      <xs:element name="CheckCreditNumber">
        <xs:complexType>
          <xs:sequence>
            <xs:element minOccurs="0" name="parameter1" nillable="true" type="xs:string"/>
            <xs:element minOccurs="0" name="parameter2" nillable="true" type="xs:string"/>
            <xs:element minOccurs="0" name="parameter3" nillable="true" type="xs:string"/>
          </xs:sequence>
        </xs:complexType>
      </xs:element>
      <xs:element name="CheckCreditNumberResponse">
        <xs:complexType>
          <xs:sequence>
            <xs:element minOccurs="0" name="parameter1" type="xs:boolean"/>
          </xs:sequence>
        </xs:complexType>
      </xs:element>
      <xs:element name="WebToString">
        <xs:complexType>
          <xs:sequence>
            <xs:element minOccurs="0" name="parameter1" nillable="true" type="xs:string"/>
          </xs:sequence>
        </xs:complexType>
      </xs:element>
      <xs:element name="WebToStringResponse">
        <xs:complexType>
          <xs:sequence>
            <xs:element minOccurs="0" name="parameter1" nillable="true" type="xs:string"/>
          </xs:sequence>
        </xs:complexType>
      </xs:element>
    </xs:schema>
    <xs:schema xmlns:xs="http://www.w3.org/2001/XMLSchema" xmlns:tns="http://schemas.microsoft.com/2003/10/Serialization/" attributeFormDefault="qualified" elementFormDefault="qualified" targetNamespace="http://schemas.microsoft.com/2003/10/Serialization/">
      <xs:element name="anyType" nillable="true" type="xs:anyType"/>
      <xs:element name="anyURI" nillable="true" type="xs:anyURI"/>
      <xs:element name="base64Binary" nillable="true" type="xs:base64Binary"/>
      <xs:element name="boolean" nillable="true" type="xs:boolean"/>
      <xs:element name="byte" nillable="true" type="xs:byte"/>
      <xs:element name="dateTime" nillable="true" type="xs:dateTime"/>
      <xs:element name="decimal" nillable="true" type="xs:decimal"/>
      <xs:element name="double" nillable="true" type="xs:double"/>
      <xs:element name="float" nillable="true" type="xs:float"/>
      <xs:element name="int" nillable="true" type="xs:int"/>
      <xs:element name="long" nillable="true" type="xs:long"/>
      <xs:element name="QName" nillable="true" type="xs:QName"/>
      <xs:element name="short" nillable="true" type="xs:short"/>
      <xs:element name="string" nillable="true" type="xs:string"/>
      <xs:element name="unsignedByte" nillable="true" type="xs:unsignedByte"/>
      <xs:element name="unsignedInt" nillable="true" type="xs:unsignedInt"/>
      <xs:element name="unsignedLong" nillable="true" type="xs:unsignedLong"/>
      <xs:element name="unsignedShort" nillable="true" type="xs:unsignedShort"/>
      <xs:element name="char" nillable="true" type="tns:char"/>
      <xs:simpleType name="char">
        <xs:restriction base="xs:int"/>
      </xs:simpleType>
      <xs:element name="duration" nillable="true" type="tns:duration"/>
      <xs:simpleType name="duration">
        <xs:restriction base="xs:duration">
          <xs:pattern value="\-?P(\d*D)?(T(\d*H)?(\d*M)?(\d*(\.\d*)?S)?)?"/>
          <xs:minInclusive value="-P10675199DT2H48M5.4775808S"/>
          <xs:maxInclusive value="P10675199DT2H48M5.4775807S"/>
        </xs:restriction>
      </xs:simpleType>
      <xs:element name="guid" nillable="true" type="tns:guid"/>
      <xs:simpleType name="guid">
        <xs:restriction base="xs:string">
          <xs:pattern value="[\da-fA-F]{8}-[\da-fA-F]{4}-[\da-fA-F]{4}-[\da-fA-F]{4}-[\da-fA-F]{12}"/>
        </xs:restriction>
      </xs:simpleType>
      <xs:attribute name="FactoryType" type="xs:QName"/>
      <xs:attribute name="Id" type="xs:ID"/>
      <xs:attribute name="Ref" type="xs:IDREF"/>
    </xs:schema>
  </wsdl:types>
  <wsdl:message name="IService_CheckCreditNumber_InputMessage">
    <wsdl:part name="parameters" element="tns:CheckCreditNumber"/>
  </wsdl:message>
  <wsdl:message name="IService_CheckCreditNumber_OutputMessage">
    <wsdl:part name="parameters" element="tns:CheckCreditNumberResponse"/>
  </wsdl:message>
  <wsdl:message name="Service1_WebToString_InputMessage">
    <wsdl:part name="parameters" element="tns:WebToString"/>
  </wsdl:message>
  <wsdl:message name="Service1_WebToString_OutputMessage">
    <wsdl:part name="parameters" element="tns:WebToStringResponse"/>
  </wsdl:message>
  <wsdl:portType name="CreditCardPT">
    <wsdl:operation name="CheckCreditNumber">
      <wsdl:input wsaw:Action="http://tempuri.org/IService/CheckCreditNumber" message="tns:IService_CheckCreditNumber_InputMessage"/>
      <wsdl:output wsaw:Action="http://tempuri.org/IService/CheckCreditNumberResponse" message="tns:IService_CheckCreditNumber_OutputMessage"/>
    </wsdl:operation>
  </wsdl:portType>
  <wsdl:portType name="WebToStringPT">
    <wsdl:operation name="WebToString">
      <wsdl:input wsaw:Action="http://tempuri.org/Service1/WebToString" message="tns:Service1_WebToString_InputMessage"/>
      <wsdl:output wsaw:Action="http://tempuri.org/Service1/WebToStringResponse" message="tns:Service1_WebToString_OutputMessage"/>
    </wsdl:operation>
  </wsdl:portType>
  <wsdl:binding name="BasicHttpBinding_IService" type="tns:IService">
    <soap:binding transport="http://schemas.xmlsoap.org/soap/http"/>
    <wsdl:operation name="CheckCreditNumber">
      <soap:operation soapAction="http://tempuri.org/IService/CheckCreditNumber" style="document"/>
      <wsdl:input>
        <soap:body use="literal"/>
      </wsdl:input>
      <wsdl:output>
        <soap:body use="literal"/>
      </wsdl:output>
    </wsdl:operation>
  </wsdl:binding>
  <wsdl:binding name="BasicHttpBinding_Service1" type="tns:Service1">
    <soap:binding transport="http://schemas.xmlsoap.org/soap/http"/>
    <wsdl:operation name="WebToString">
      <soap:operation soapAction="http://tempuri.org/Service1/WebToString" style="document"/>
      <wsdl:input>
        <soap:body use="literal"/>
      </wsdl:input>
      <wsdl:output>
        <soap:body use="literal"/>
      </wsdl:output>
    </wsdl:operation>
  </wsdl:binding>
  <wsdl:service name="Service1">
    <wsdl:port name="BasicHttpBinding_IService" binding="tns:BasicHttpBinding_IService">
      <soap:address location="http://localhost:61290/Service1.xamlx"/>
    </wsdl:port>
    <wsdl:port name="BasicHttpBinding_Service1" binding="tns:BasicHttpBinding_Service1">
      <soap:address location="http://localhost:61290/Service1.xamlx"/>
    </wsdl:port>
  </wsdl:service>
</wsdl:definitions>