﻿<?xml version="1.0" encoding="utf-8"?>
<definitions
  xmlns:http="http://schemas.xmlsoap.org/wsdl/http/"
  xmlns:soap="http://schemas.xmlsoap.org/wsdl/soap/"
  xmlns:xs= "http://www.w3.org/2001/XMLschema"
  xmlns:soapenc="http://schemas.xmlsoap.org/soap/encoding/"
  xmlns="http://schemas.xmlsoap.org/wsdl/"
  xmlns:plnk= "http://schemas.xmlsoap.org/ws/2003/05/partner-link/">

  <portType name ="ServiceRequestPT">
    <operation name="MyServiceApproval">
      <input message="ServiceRequestMessage"/>
    </operation>
  </portType>
  <portType name ="CreditCardPT">
    <operation name="CheckCreditNumber">
      <input message="CreditCardValidatorRequestMessage"/>
      <output message="CreditCardValidatorResponseMessage"/>
    </operation>
  </portType>
  <portType name="WebToStringCallBackPT">
    <operation name="WebToString">
      <input message="WebToStringResponseMessage"/>
    </operation>
  </portType>

  <!-- Definition of the partner link types-->
  <plnk:partnerLinkType name ="clientLT">
    <plnk:role name="serviceRequest">
      <plnk:portType name="ServiceRequestPT"/>
    </plnk:role>
    <plnk:role name="serviceRepose">
      <plnk:portType name="ServiceCallBackPT"/>
    </plnk:role>
  </plnk:partnerLinkType>
  <plnk:partnerLinkType name ="CreditCardLT">
    <plnk:role name="checkCreditCard">
      <plnk:portType name="CreditCardPT"/>
    </plnk:role>
  </plnk:partnerLinkType>
  <plnk:partnerLinkType name ="WebToStringLT">
    <plnk:role name="WebToStringRequest">
      <plnk:portType name="WebToStringPT"/>
    </plnk:role>
    <plnk:role name="WebToStringResponse">
      <plnk:portType name="WebToStringCallBackPT"/>
    </plnk:role>
  </plnk:partnerLinkType>
</definitions>